Person ID,Gender,Age,Occupation,Sleep Duration,Quality of Sleep,Physical Activity Level,Stress Level,BMI Category,Blood Pressure,Heart Rate,Daily Steps,Sleep Disorder,Duration Score,Quality Score,Stress Score,Activity Score,Disorder Score,Sleep Score,Sleep Category,Wellbeing Interpretation
1,Male,27,Software Engineer,6.1,6,42,6,Overweight,126/83,77,4200,,87.14285714285714,66.66666666666666,40.0,46.666666666666664,100.0,68.81,Good,Moderate Concern
2,Male,28,Doctor,6.2,6,60,8,Normal,125/80,75,10000,,88.57142857142858,66.66666666666666,0.0,66.66666666666666,100.0,63.24,Fair,Higher Concern
3,Male,28,Doctor,6.2,6,60,8,Normal,125/80,75,10000,,88.57142857142858,66.66666666666666,0.0,66.66666666666666,100.0,63.24,Fair,Higher Concern
4,Male,28,Sales Representative,5.9,4,30,8,Obese,140/90,85,3000,Sleep Apnea,84.28571428571429,44.44444444444444,0.0,33.33333333333333,30.0,44.95,Poor,Higher Concern
5,Male,28,Sales Representative,5.9,4,30,8,Obese,140/90,85,3000,Sleep Apnea,84.28571428571429,44.44444444444444,0.0,33.33333333333333,30.0,44.95,Poor,Higher Concern
6,Male,28,Software Engineer,5.9,4,30,8,Obese,140/90,85,3000,Insomnia,84.28571428571429,44.44444444444444,0.0,33.33333333333333,50.0,46.95,Poor,Higher Concern
7,Male,29,Teacher,6.3,6,40,7,Obese,140/90,82,3500,Insomnia,90.0,66.66666666666666,20.0,44.44444444444444,50.0,60.44,Fair,Moderate Concern
8,Male,29,Doctor,7.8,7,75,6,Normal,120/80,70,8000,,100.0,77.77777777777779,40.0,83.33333333333334,100.0,79.67,Good,Moderate Concern
9,Male,29,Doctor,7.8,7,75,6,Normal,120/80,70,8000,,100.0,77.77777777777779,40.0,83.33333333333334,100.0,79.67,Good,Moderate Concern
10,Male,29,Doctor,7.8,7,75,6,Normal,120/80,70,8000,,100.0,77.77777777777779,40.0,83.33333333333334,100.0,79.67,Good,Moderate Concern
11,Male,29,Doctor,6.1,6,30,8,Normal,120/80,70,8000,,87.14285714285714,66.66666666666666,0.0,33.33333333333333,100.0,59.48,Fair,Higher Concern
12,Male,29,Doctor,7.8,7,75,6,Normal,120/80,70,8000,,100.0,77.77777777777779,40.0,83.33333333333334,100.0,79.67,Good,Moderate Concern
13,Male,29,Doctor,6.1,6,30,8,Normal,120/80,70,8000,,87.14285714285714,66.66666666666666,0.0,33.33333333333333,100.0,59.48,Fair,Higher Concern
14,Male,29,Doctor,6.0,6,30,8,Normal,120/80,70,8000,,85.71428571428571,66.66666666666666,0.0,33.33333333333333,100.0,59.05,Fair,Higher Concern
15,Male,29,Doctor,6.0,6,30,8,Normal,120/80,70,8000,,85.71428571428571,66.66666666666666,0.0,33.33333333333333,100.0,59.05,Fair,Higher Concern
16,Male,29,Doctor,6.0,6,30,8,Normal,120/80,70,8000,,85.71428571428571,66.66666666666666,0.0,33.33333333333333,100.0,59.05,Fair,Higher Concern
17,Female,29,Nurse,6.5,5,40,7,Normal Weight,132/87,80,4000,Sleep Apnea,92.85714285714286,55.55555555555556,20.0,44.44444444444444,30.0,55.97,Fair,Moderate Concern
18,Male,29,Doctor,6.0,6,30,8,Normal,120/80,70,8000,Sleep Apnea,85.71428571428571,66.66666666666666,0.0,33.33333333333333,30.0,52.05,Fair,Higher Concern
19,Female,29,Nurse,6.5,5,40,7,Normal Weight,132/87,80,4000,Insomnia,92.85714285714286,55.55555555555556,20.0,44.44444444444444,50.0,57.97,Fair,Moderate Concern
20,Male,30,Doctor,7.6,7,75,6,Normal,120/80,70,8000,,100.0,77.77777777777779,40.0,83.33333333333334,100.0,79.67,Good,Moderate Concern
21,Male,30,Doctor,7.7,7,75,6,Normal,120/80,70,8000,,100.0,77.77777777777779,40.0,83.33333333333334,100.0,79.67,Good,Moderate Concern
22,Male,30,Doctor,7.7,7,75,6,Normal,120/80,70,8000,,100.0,77.77777777777779,40.0,83.33333333333334,100.0,79.67,Good,Moderate Concern
23,Male,30,Doctor,7.7,7,75,6,Normal,120/80,70,8000,,100.0,77.77777777777779,40.0,83.33333333333334,100.0,79.67,Good,Moderate Concern
24,Male,30,Doctor,7.7,7,75,6,Normal,120/80,70,8000,,100.0,77.77777777777779,40.0,83.33333333333334,100.0,79.67,Good,Moderate Concern
25,Male,30,Doctor,7.8,7,75,6,Normal,120/80,70,8000,,100.0,77.77777777777779,40.0,83.33333333333334,100.0,79.67,Good,Moderate Concern
26,Male,30,Doctor,7.9,7,75,6,Normal,120/80,70,8000,,100.0,77.77777777777779,40.0,83.33333333333334,100.0,79.67,Good,Moderate Concern
27,Male,30,Doctor,7.8,7,75,6,Normal,120/80,70,8000,,100.0,77.77777777777779,40.0,83.33333333333334,100.0,79.67,Good,Moderate Concern
28,Male,30,Doctor,7.9,7,75,6,Normal,120/80,70,8000,,100.0,77.77777777777779,40.0,83.33333333333334,100.0,79.67,Good,Moderate Concern
29,Male,30,Doctor,7.9,7,75,6,Normal,120/80,70,8000,,100.0,77.77777777777779,40.0,83.33333333333334,100.0,79.67,Good,Moderate Concern
30,Male,30,Doctor,7.9,7,75,6,Normal,120/80,70,8000,,100.0,77.77777777777779,40.0,83.33333333333334,100.0,79.67,Good,Moderate Concern
31,Female,30,Nurse,6.4,5,35,7,Normal Weight,130/86,78,4100,Sleep Apnea,91.42857142857143,55.55555555555556,20.0,38.88888888888889,30.0,54.98,Fair,Moderate Concern
32,Female,30,Nurse,6.4,5,35,7,Normal Weight,130/86,78,4100,Insomnia,91.42857142857143,55.55555555555556,20.0,38.88888888888889,50.0,56.98,Fair,Moderate Concern
33,Female,31,Nurse,7.9,8,75,4,Normal Weight,117/76,69,6800,,100.0,88.88888888888889,80.0,83.33333333333334,100.0,91.0,Excellent,Positive Wellbeing
34,Male,31,Doctor,6.1,6,30,8,Normal,125/80,72,5000,,87.14285714285714,66.66666666666666,0.0,33.33333333333333,100.0,59.48,Fair,Higher Concern
35,Male,31,Doctor,7.7,7,75,6,Normal,120/80,70,8000,,100.0,77.77777777777779,40.0,83.33333333333334,100.0,79.67,Good,Moderate Concern
36,Male,31,Doctor,6.1,6,30,8,Normal,125/80,72,5000,,87.14285714285714,66.66666666666666,0.0,33.33333333333333,100.0,59.48,Fair,Higher Concern
37,Male,31,Doctor,6.1,6,30,8,Normal,125/80,72,5000,,87.14285714285714,66.66666666666666,0.0,33.33333333333333,100.0,59.48,Fair,Higher Concern
38,Male,31,Doctor,7.6,7,75,6,Normal,120/80,70,8000,,100.0,77.77777777777779,40.0,83.33333333333334,100.0,79.67,Good,Moderate Concern
39,Male,31,Doctor,7.6,7,75,6,Normal,120/80,70,8000,,100.0,77.77777777777779,40.0,83.33333333333334,100.0,79.67,Good,Moderate Concern
40,Male,31,Doctor,7.6,7,75,6,Normal,120/80,70,8000,,100.0,77.77777777777779,40.0,83.33333333333334,100.0,79.67,Good,Moderate Concern
41,Male,31,Doctor,7.7,7,75,6,Normal,120/80,70,8000,,100.0,77.77777777777779,40.0,83.33333333333334,100.0,79.67,Good,Moderate Concern
42,Male,31,Doctor,7.7,7,75,6,Normal,120/80,70,8000,,100.0,77.77777777777779,40.0,83.33333333333334,100.0,79.67,Good,Moderate Concern
43,Male,31,Doctor,7.7,7,75,6,Normal,120/80,70,8000,,100.0,77.77777777777779,40.0,83.33333333333334,100.0,79.67,Good,Moderate Concern
44,Male,31,Doctor,7.8,7,75,6,Normal,120/80,70,8000,,100.0,77.77777777777779,40.0,83.33333333333334,100.0,79.67,Good,Moderate Concern
45,Male,31,Doctor,7.7,7,75,6,Normal,120/80,70,8000,,100.0,77.77777777777779,40.0,83.33333333333334,100.0,79.67,Good,Moderate Concern
46,Male,31,Doctor,7.8,7,75,6,Normal,120/80,70,8000,,100.0,77.77777777777779,40.0,83.33333333333334,100.0,79.67,Good,Moderate Concern
47,Male,31,Doctor,7.7,7,75,6,Normal,120/80,70,8000,,100.0,77.77777777777779,40.0,83.33333333333334,100.0,79.67,Good,Moderate Concern
48,Male,31,Doctor,7.8,7,75,6,Normal,120/80,70,8000,,100.0,77.77777777777779,40.0,83.33333333333334,100.0,79.67,Good,Moderate Concern
49,Male,31,Doctor,7.7,7,75,6,Normal,120/80,70,8000,,100.0,77.77777777777779,40.0,83.33333333333334,100.0,79.67,Good,Moderate Concern
50,Male,31,Doctor,7.7,7,75,6,Normal,120/80,70,8000,Sleep Apnea,100.0,77.77777777777779,40.0,83.33333333333334,30.0,72.67,Good,Moderate Concern
51,Male,32,Engineer,7.5,8,45,3,Normal,120/80,70,8000,,100.0,88.88888888888889,100.0,50.0,100.0,91.67,Excellent,Positive Wellbeing
52,Male,32,Engineer,7.5,8,45,3,Normal,120/80,70,8000,,100.0,88.88888888888889,100.0,50.0,100.0,91.67,Excellent,Positive Wellbeing
53,Male,32,Doctor,6.0,6,30,8,Normal,125/80,72,5000,,85.71428571428571,66.66666666666666,0.0,33.33333333333333,100.0,59.05,Fair,Higher Concern
54,Male,32,Doctor,7.6,7,75,6,Normal,120/80,70,8000,,100.0,77.77777777777779,40.0,83.33333333333334,100.0,79.67,Good,Moderate Concern
55,Male,32,Doctor,6.0,6,30,8,Normal,125/80,72,5000,,85.71428571428571,66.66666666666666,0.0,33.33333333333333,100.0,59.05,Fair,Higher Concern
56,Male,32,Doctor,6.0,6,30,8,Normal,125/80,72,5000,,85.71428571428571,66.66666666666666,0.0,33.33333333333333,100.0,59.05,Fair,Higher Concern
57,Male,32,Doctor,7.7,7,75,6,Normal,120/80,70,8000,,100.0,77.77777777777779,40.0,83.33333333333334,100.0,79.67,Good,Moderate Concern
58,Male,32,Doctor,6.0,6,30,8,Normal,125/80,72,5000,,85.71428571428571,66.66666666666666,0.0,33.33333333333333,100.0,59.05,Fair,Higher Concern
59,Male,32,Doctor,6.0,6,30,8,Normal,125/80,72,5000,,85.71428571428571,66.66666666666666,0.0,33.33333333333333,100.0,59.05,Fair,Higher Concern
60,Male,32,Doctor,7.7,7,75,6,Normal,120/80,70,8000,,100.0,77.77777777777779,40.0,83.33333333333334,100.0,79.67,Good,Moderate Concern
61,Male,32,Doctor,6.0,6,30,8,Normal,125/80,72,5000,,85.71428571428571,66.66666666666666,0.0,33.33333333333333,100.0,59.05,Fair,Higher Concern
62,Male,32,Doctor,6.0,6,30,8,Normal,125/80,72,5000,,85.71428571428571,66.66666666666666,0.0,33.33333333333333,100.0,59.05,Fair,Higher Concern
63,Male,32,Doctor,6.2,6,30,8,Normal,125/80,72,5000,,88.57142857142858,66.66666666666666,0.0,33.33333333333333,100.0,59.9,Fair,Higher Concern
64,Male,32,Doctor,6.2,6,30,8,Normal,125/80,72,5000,,88.57142857142858,66.66666666666666,0.0,33.33333333333333,100.0,59.9,Fair,Higher Concern
65,Male,32,Doctor,6.2,6,30,8,Normal,125/80,72,5000,,88.57142857142858,66.66666666666666,0.0,33.33333333333333,100.0,59.9,Fair,Higher Concern
66,Male,32,Doctor,6.2,6,30,8,Normal,125/80,72,5000,,88.57142857142858,66.66666666666666,0.0,33.33333333333333,100.0,59.9,Fair,Higher Concern
67,Male,32,Accountant,7.2,8,50,6,Normal Weight,118/76,68,7000,,100.0,88.88888888888889,40.0,55.55555555555556,100.0,80.22,Excellent,Moderate Concern
68,Male,33,Doctor,6.0,6,30,8,Normal,125/80,72,5000,Insomnia,85.71428571428571,66.66666666666666,0.0,33.33333333333333,50.0,54.05,Fair,Higher Concern
69,Female,33,Scientist,6.2,6,50,6,Overweight,128/85,76,5500,,88.57142857142858,66.66666666666666,40.0,55.55555555555556,100.0,70.13,Good,Moderate Concern
70,Female,33,Scientist,6.2,6,50,6,Overweight,128/85,76,5500,,88.57142857142858,66.66666666666666,40.0,55.55555555555556,100.0,70.13,Good,Moderate Concern
71,Male,33,Doctor,6.1,6,30,8,Normal,125/80,72,5000,,87.14285714285714,66.66666666666666,0.0,33.33333333333333,100.0,59.48,Fair,Higher Concern
72,Male,33,Doctor,6.1,6,30,8,Normal,125/80,72,5000,,87.14285714285714,66.66666666666666,0.0,33.33333333333333,100.0,59.48,Fair,Higher Concern
73,Male,33,Doctor,6.1,6,30,8,Normal,125/80,72,5000,,87.14285714285714,66.66666666666666,0.0,33.33333333333333,100.0,59.48,Fair,Higher Concern
74,Male,33,Doctor,6.1,6,30,8,Normal,125/80,72,5000,,87.14285714285714,66.66666666666666,0.0,33.33333333333333,100.0,59.48,Fair,Higher Concern
75,Male,33,Doctor,6.0,6,30,8,Normal,125/80,72,5000,,85.71428571428571,66.66666666666666,0.0,33.33333333333333,100.0,59.05,Fair,Higher Concern
76,Male,33,Doctor,6.0,6,30,8,Normal,125/80,72,5000,,85.71428571428571,66.66666666666666,0.0,33.33333333333333,100.0,59.05,Fair,Higher Concern
77,Male,33,Doctor,6.0,6,30,8,Normal,125/80,72,5000,,85.71428571428571,66.66666666666666,0.0,33.33333333333333,100.0,59.05,Fair,Higher Concern
78,Male,33,Doctor,6.0,6,30,8,Normal,125/80,72,5000,,85.71428571428571,66.66666666666666,0.0,33.33333333333333,100.0,59.05,Fair,Higher Concern
79,Male,33,Doctor,6.0,6,30,8,Normal,125/80,72,5000,,85.71428571428571,66.66666666666666,0.0,33.33333333333333,100.0,59.05,Fair,Higher Concern
80,Male,33,Doctor,6.0,6,30,8,Normal,125/80,72,5000,,85.71428571428571,66.66666666666666,0.0,33.33333333333333,100.0,59.05,Fair,Higher Concern
81,Female,34,Scientist,5.8,4,32,8,Overweight,131/86,81,5200,Sleep Apnea,82.85714285714285,44.44444444444444,0.0,35.55555555555556,30.0,44.75,Poor,Higher Concern
82,Female,34,Scientist,5.8,4,32,8,Overweight,131/86,81,5200,Sleep Apnea,82.85714285714285,44.44444444444444,0.0,35.55555555555556,30.0,44.75,Poor,Higher Concern
83,Male,35,Teacher,6.7,7,40,5,Overweight,128/84,70,5600,,95.71428571428572,77.77777777777779,60.0,44.44444444444444,100.0,78.49,Good,Generally Positive
84,Male,35,Teacher,6.7,7,40,5,Overweight,128/84,70,5600,,95.71428571428572,77.77777777777779,60.0,44.44444444444444,100.0,78.49,Good,Generally Positive
85,Male,35,Software Engineer,7.5,8,60,5,Normal Weight,120/80,70,8000,,100.0,88.88888888888889,60.0,66.66666666666666,100.0,85.33,Excellent,Generally Positive
86,Female,35,Accountant,7.2,8,60,4,Normal,115/75,68,7000,,100.0,88.88888888888889,80.0,66.66666666666666,100.0,89.33,Excellent,Positive Wellbeing
87,Male,35,Engineer,7.2,8,60,4,Normal,125/80,65,5000,,100.0,88.88888888888889,80.0,66.66666666666666,100.0,89.33,Excellent,Positive Wellbeing
88,Male,35,Engineer,7.2,8,60,4,Normal,125/80,65,5000,,100.0,88.88888888888889,80.0,66.66666666666666,100.0,89.33,Excellent,Positive Wellbeing
89,Male,35,Engineer,7.3,8,60,4,Normal,125/80,65,5000,,100.0,88.88888888888889,80.0,66.66666666666666,100.0,89.33,Excellent,Positive Wellbeing
90,Male,35,Engineer,7.3,8,60,4,Normal,125/80,65,5000,,100.0,88.88888888888889,80.0,66.66666666666666,100.0,89.33,Excellent,Positive Wellbeing
91,Male,35,Engineer,7.3,8,60,4,Normal,125/80,65,5000,,100.0,88.88888888888889,80.0,66.66666666666666,100.0,89.33,Excellent,Positive Wellbeing
92,Male,35,Engineer,7.3,8,60,4,Normal,125/80,65,5000,,100.0,88.88888888888889,80.0,66.66666666666666,100.0,89.33,Excellent,Positive Wellbeing
93,Male,35,Software Engineer,7.5,8,60,5,Normal Weight,120/80,70,8000,,100.0,88.88888888888889,60.0,66.66666666666666,100.0,85.33,Excellent,Generally Positive
94,Male,35,Lawyer,7.4,7,60,5,Obese,135/88,84,3300,Sleep Apnea,100.0,77.77777777777779,60.0,66.66666666666666,30.0,75.0,Good,Generally Positive
95,Female,36,Accountant,7.2,8,60,4,Normal,115/75,68,7000,Insomnia,100.0,88.88888888888889,80.0,66.66666666666666,50.0,84.33,Excellent,Positive Wellbeing
96,Female,36,Accountant,7.1,8,60,4,Normal,115/75,68,7000,,100.0,88.88888888888889,80.0,66.66666666666666,100.0,89.33,Excellent,Positive Wellbeing
97,Female,36,Accountant,7.2,8,60,4,Normal,115/75,68,7000,,100.0,88.88888888888889,80.0,66.66666666666666,100.0,89.33,Excellent,Positive Wellbeing
98,Female,36,Accountant,7.1,8,60,4,Normal,115/75,68,7000,,100.0,88.88888888888889,80.0,66.66666666666666,100.0,89.33,Excellent,Positive Wellbeing
99,Female,36,Teacher,7.1,8,60,4,Normal,115/75,68,7000,,100.0,88.88888888888889,80.0,66.66666666666666,100.0,89.33,Excellent,Positive Wellbeing
100,Female,36,Teacher,7.1,8,60,4,Normal,115/75,68,7000,,100.0,88.88888888888889,80.0,66.66666666666666,100.0,89.33,Excellent,Positive Wellbeing
101,Female,36,Teacher,7.2,8,60,4,Normal,115/75,68,7000,,100.0,88.88888888888889,80.0,66.66666666666666,100.0,89.33,Excellent,Positive Wellbeing
102,Female,36,Teacher,7.2,8,60,4,Normal,115/75,68,7000,,100.0,88.88888888888889,80.0,66.66666666666666,100.0,89.33,Excellent,Positive Wellbeing
103,Female,36,Teacher,7.2,8,60,4,Normal,115/75,68,7000,,100.0,88.88888888888889,80.0,66.66666666666666,100.0,89.33,Excellent,Positive Wellbeing
104,Male,36,Teacher,6.6,5,35,7,Overweight,129/84,74,4800,Sleep Apnea,94.28571428571428,55.55555555555556,20.0,38.88888888888889,30.0,55.84,Fair,Moderate Concern
105,Female,36,Teacher,7.2,8,60,4,Normal,115/75,68,7000,Sleep Apnea,100.0,88.88888888888889,80.0,66.66666666666666,30.0,82.33,Excellent,Positive Wellbeing
106,Male,36,Teacher,6.6,5,35,7,Overweight,129/84,74,4800,Insomnia,94.28571428571428,55.55555555555556,20.0,38.88888888888889,50.0,57.84,Fair,Moderate Concern
107,Female,37,Nurse,6.1,6,42,6,Overweight,126/83,77,4200,,87.14285714285714,66.66666666666666,40.0,46.666666666666664,100.0,68.81,Good,Moderate Concern
108,Male,37,Engineer,7.8,8,70,4,Normal Weight,120/80,68,7000,,100.0,88.88888888888889,80.0,77.77777777777779,100.0,90.44,Excellent,Positive Wellbeing
109,Male,37,Engineer,7.8,8,70,4,Normal Weight,120/80,68,7000,,100.0,88.88888888888889,80.0,77.77777777777779,100.0,90.44,Excellent,Positive Wellbeing
110,Male,37,Lawyer,7.4,8,60,5,Normal,130/85,68,8000,,100.0,88.88888888888889,60.0,66.66666666666666,100.0,85.33,Excellent,Generally Positive
111,Female,37,Accountant,7.2,8,60,4,Normal,115/75,68,7000,,100.0,88.88888888888889,80.0,66.66666666666666,100.0,89.33,Excellent,Positive Wellbeing
112,Male,37,Lawyer,7.4,8,60,5,Normal,130/85,68,8000,,100.0,88.88888888888889,60.0,66.66666666666666,100.0,85.33,Excellent,Generally Positive
113,Female,37,Accountant,7.2,8,60,4,Normal,115/75,68,7000,,100.0,88.88888888888889,80.0,66.66666666666666,100.0,89.33,Excellent,Positive Wellbeing
114,Male,37,Lawyer,7.4,8,60,5,Normal,130/85,68,8000,,100.0,88.88888888888889,60.0,66.66666666666666,100.0,85.33,Excellent,Generally Positive
115,Female,37,Accountant,7.2,8,60,4,Normal,115/75,68,7000,,100.0,88.88888888888889,80.0,66.66666666666666,100.0,89.33,Excellent,Positive Wellbeing
116,Female,37,Accountant,7.2,8,60,4,Normal,115/75,68,7000,,100.0,88.88888888888889,80.0,66.66666666666666,100.0,89.33,Excellent,Positive Wellbeing
117,Female,37,Accountant,7.2,8,60,4,Normal,115/75,68,7000,,100.0,88.88888888888889,80.0,66.66666666666666,100.0,89.33,Excellent,Positive Wellbeing
118,Female,37,Accountant,7.2,8,60,4,Normal,115/75,68,7000,,100.0,88.88888888888889,80.0,66.66666666666666,100.0,89.33,Excellent,Positive Wellbeing
119,Female,37,Accountant,7.2,8,60,4,Normal,115/75,68,7000,,100.0,88.88888888888889,80.0,66.66666666666666,100.0,89.33,Excellent,Positive Wellbeing
120,Female,37,Accountant,7.2,8,60,4,Normal,115/75,68,7000,,100.0,88.88888888888889,80.0,66.66666666666666,100.0,89.33,Excellent,Positive Wellbeing
121,Female,37,Accountant,7.2,8,60,4,Normal,115/75,68,7000,,100.0,88.88888888888889,80.0,66.66666666666666,100.0,89.33,Excellent,Positive Wellbeing
122,Female,37,Accountant,7.2,8,60,4,Normal,115/75,68,7000,,100.0,88.88888888888889,80.0,66.66666666666666,100.0,89.33,Excellent,Positive Wellbeing
123,Female,37,Accountant,7.2,8,60,4,Normal,115/75,68,7000,,100.0,88.88888888888889,80.0,66.66666666666666,100.0,89.33,Excellent,Positive Wellbeing
124,Female,37,Accountant,7.2,8,60,4,Normal,115/75,68,7000,,100.0,88.88888888888889,80.0,66.66666666666666,100.0,89.33,Excellent,Positive Wellbeing
125,Female,37,Accountant,7.2,8,60,4,Normal,115/75,68,7000,,100.0,88.88888888888889,80.0,66.66666666666666,100.0,89.33,Excellent,Positive Wellbeing
126,Female,37,Nurse,7.5,8,60,4,Normal Weight,120/80,70,8000,,100.0,88.88888888888889,80.0,66.66666666666666,100.0,89.33,Excellent,Positive Wellbeing
127,Male,38,Lawyer,7.3,8,60,5,Normal,130/85,68,8000,,100.0,88.88888888888889,60.0,66.66666666666666,100.0,85.33,Excellent,Generally Positive
128,Female,38,Accountant,7.1,8,60,4,Normal,115/75,68,7000,,100.0,88.88888888888889,80.0,66.66666666666666,100.0,89.33,Excellent,Positive Wellbeing
129,Male,38,Lawyer,7.3,8,60,5,Normal,130/85,68,8000,,100.0,88.88888888888889,60.0,66.66666666666666,100.0,85.33,Excellent,Generally Positive
130,Male,38,Lawyer,7.3,8,60,5,Normal,130/85,68,8000,,100.0,88.88888888888889,60.0,66.66666666666666,100.0,85.33,Excellent,Generally Positive
131,Female,38,Accountant,7.1,8,60,4,Normal,115/75,68,7000,,100.0,88.88888888888889,80.0,66.66666666666666,100.0,89.33,Excellent,Positive Wellbeing
132,Male,38,Lawyer,7.3,8,60,5,Normal,130/85,68,8000,,100.0,88.88888888888889,60.0,66.66666666666666,100.0,85.33,Excellent,Generally Positive
133,Male,38,Lawyer,7.3,8,60,5,Normal,130/85,68,8000,,100.0,88.88888888888889,60.0,66.66666666666666,100.0,85.33,Excellent,Generally Positive
134,Female,38,Accountant,7.1,8,60,4,Normal,115/75,68,7000,,100.0,88.88888888888889,80.0,66.66666666666666,100.0,89.33,Excellent,Positive Wellbeing
135,Male,38,Lawyer,7.3,8,60,5,Normal,130/85,68,8000,,100.0,88.88888888888889,60.0,66.66666666666666,100.0,85.33,Excellent,Generally Positive
136,Male,38,Lawyer,7.3,8,60,5,Normal,130/85,68,8000,,100.0,88.88888888888889,60.0,66.66666666666666,100.0,85.33,Excellent,Generally Positive
137,Female,38,Accountant,7.1,8,60,4,Normal,115/75,68,7000,,100.0,88.88888888888889,80.0,66.66666666666666,100.0,89.33,Excellent,Positive Wellbeing
138,Male,38,Lawyer,7.1,8,60,5,Normal,130/85,68,8000,,100.0,88.88888888888889,60.0,66.66666666666666,100.0,85.33,Excellent,Generally Positive
139,Female,38,Accountant,7.1,8,60,4,Normal,115/75,68,7000,,100.0,88.88888888888889,80.0,66.66666666666666,100.0,89.33,Excellent,Positive Wellbeing
140,Male,38,Lawyer,7.1,8,60,5,Normal,130/85,68,8000,,100.0,88.88888888888889,60.0,66.66666666666666,100.0,85.33,Excellent,Generally Positive
141,Female,38,Accountant,7.1,8,60,4,Normal,115/75,68,7000,,100.0,88.88888888888889,80.0,66.66666666666666,100.0,89.33,Excellent,Positive Wellbeing
142,Male,38,Lawyer,7.1,8,60,5,Normal,130/85,68,8000,,100.0,88.88888888888889,60.0,66.66666666666666,100.0,85.33,Excellent,Generally Positive
143,Female,38,Accountant,7.1,8,60,4,Normal,115/75,68,7000,,100.0,88.88888888888889,80.0,66.66666666666666,100.0,89.33,Excellent,Positive Wellbeing
144,Female,38,Accountant,7.1,8,60,4,Normal,115/75,68,7000,,100.0,88.88888888888889,80.0,66.66666666666666,100.0,89.33,Excellent,Positive Wellbeing
145,Male,38,Lawyer,7.1,8,60,5,Normal,130/85,68,8000,Sleep Apnea,100.0,88.88888888888889,60.0,66.66666666666666,30.0,78.33,Good,Generally Positive
146,Female,38,Lawyer,7.4,7,60,5,Obese,135/88,84,3300,Sleep Apnea,100.0,77.77777777777779,60.0,66.66666666666666,30.0,75.0,Good,Generally Positive
147,Male,39,Lawyer,7.2,8,60,5,Normal,130/85,68,8000,Insomnia,100.0,88.88888888888889,60.0,66.66666666666666,50.0,80.33,Excellent,Generally Positive
148,Male,39,Engineer,6.5,5,40,7,Overweight,132/87,80,4000,Insomnia,92.85714285714286,55.55555555555556,20.0,44.44444444444444,50.0,57.97,Fair,Moderate Concern
149,Female,39,Lawyer,6.9,7,50,6,Normal Weight,128/85,75,5500,,98.57142857142858,77.77777777777779,40.0,55.55555555555556,100.0,76.46,Good,Moderate Concern
150,Female,39,Accountant,8.0,9,80,3,Normal Weight,115/78,67,7500,,100.0,100.0,100.0,88.88888888888889,100.0,98.89,Excellent,Positive Wellbeing
151,Female,39,Accountant,8.0,9,80,3,Normal Weight,115/78,67,7500,,100.0,100.0,100.0,88.88888888888889,100.0,98.89,Excellent,Positive Wellbeing
152,Male,39,Lawyer,7.2,8,60,5,Normal,130/85,68,8000,,100.0,88.88888888888889,60.0,66.66666666666666,100.0,85.33,Excellent,Generally Positive
153,Male,39,Lawyer,7.2,8,60,5,Normal,130/85,68,8000,,100.0,88.88888888888889,60.0,66.66666666666666,100.0,85.33,Excellent,Generally Positive
154,Male,39,Lawyer,7.2,8,60,5,Normal,130/85,68,8000,,100.0,88.88888888888889,60.0,66.66666666666666,100.0,85.33,Excellent,Generally Positive
155,Male,39,Lawyer,7.2,8,60,5,Normal,130/85,68,8000,,100.0,88.88888888888889,60.0,66.66666666666666,100.0,85.33,Excellent,Generally Positive
156,Male,39,Lawyer,7.2,8,60,5,Normal,130/85,68,8000,,100.0,88.88888888888889,60.0,66.66666666666666,100.0,85.33,Excellent,Generally Positive
157,Male,39,Lawyer,7.2,8,60,5,Normal,130/85,68,8000,,100.0,88.88888888888889,60.0,66.66666666666666,100.0,85.33,Excellent,Generally Positive
158,Male,39,Lawyer,7.2,8,60,5,Normal,130/85,68,8000,,100.0,88.88888888888889,60.0,66.66666666666666,100.0,85.33,Excellent,Generally Positive
159,Male,39,Lawyer,7.2,8,60,5,Normal,130/85,68,8000,,100.0,88.88888888888889,60.0,66.66666666666666,100.0,85.33,Excellent,Generally Positive
160,Male,39,Lawyer,7.2,8,60,5,Normal,130/85,68,8000,,100.0,88.88888888888889,60.0,66.66666666666666,100.0,85.33,Excellent,Generally Positive
161,Male,39,Lawyer,7.2,8,60,5,Normal,130/85,68,8000,,100.0,88.88888888888889,60.0,66.66666666666666,100.0,85.33,Excellent,Generally Positive
162,Female,40,Accountant,7.2,8,55,6,Normal Weight,119/77,73,7300,,100.0,88.88888888888889,40.0,61.111111111111114,100.0,80.78,Excellent,Moderate Concern
163,Female,40,Accountant,7.2,8,55,6,Normal Weight,119/77,73,7300,,100.0,88.88888888888889,40.0,61.111111111111114,100.0,80.78,Excellent,Moderate Concern
164,Male,40,Lawyer,7.9,8,90,5,Normal,130/85,68,8000,,100.0,88.88888888888889,60.0,100.0,100.0,88.67,Excellent,Generally Positive
165,Male,40,Lawyer,7.9,8,90,5,Normal,130/85,68,8000,,100.0,88.88888888888889,60.0,100.0,100.0,88.67,Excellent,Generally Positive
166,Male,41,Lawyer,7.6,8,90,5,Normal,130/85,70,8000,Insomnia,100.0,88.88888888888889,60.0,100.0,50.0,83.67,Excellent,Generally Positive
167,Male,41,Engineer,7.3,8,70,6,Normal Weight,121/79,72,6200,,100.0,88.88888888888889,40.0,77.77777777777779,100.0,82.44,Excellent,Moderate Concern
168,Male,41,Lawyer,7.1,7,55,6,Overweight,125/82,72,6000,,100.0,77.77777777777779,40.0,61.111111111111114,100.0,77.44,Good,Moderate Concern
169,Male,41,Lawyer,7.1,7,55,6,Overweight,125/82,72,6000,,100.0,77.77777777777779,40.0,61.111111111111114,100.0,77.44,Good,Moderate Concern
170,Male,41,Lawyer,7.7,8,90,5,Normal,130/85,70,8000,,100.0,88.88888888888889,60.0,100.0,100.0,88.67,Excellent,Generally Positive
171,Male,41,Lawyer,7.7,8,90,5,Normal,130/85,70,8000,,100.0,88.88888888888889,60.0,100.0,100.0,88.67,Excellent,Generally Positive
172,Male,41,Lawyer,7.7,8,90,5,Normal,130/85,70,8000,,100.0,88.88888888888889,60.0,100.0,100.0,88.67,Excellent,Generally Positive
173,Male,41,Lawyer,7.7,8,90,5,Normal,130/85,70,8000,,100.0,88.88888888888889,60.0,100.0,100.0,88.67,Excellent,Generally Positive
174,Male,41,Lawyer,7.7,8,90,5,Normal,130/85,70,8000,,100.0,88.88888888888889,60.0,100.0,100.0,88.67,Excellent,Generally Positive
175,Male,41,Lawyer,7.6,8,90,5,Normal,130/85,70,8000,,100.0,88.88888888888889,60.0,100.0,100.0,88.67,Excellent,Generally Positive
176,Male,41,Lawyer,7.6,8,90,5,Normal,130/85,70,8000,,100.0,88.88888888888889,60.0,100.0,100.0,88.67,Excellent,Generally Positive
177,Male,41,Lawyer,7.6,8,90,5,Normal,130/85,70,8000,,100.0,88.88888888888889,60.0,100.0,100.0,88.67,Excellent,Generally Positive
178,Male,42,Salesperson,6.5,6,45,7,Overweight,130/85,72,6000,Insomnia,92.85714285714286,66.66666666666666,20.0,50.0,50.0,61.86,Fair,Moderate Concern
179,Male,42,Lawyer,7.8,8,90,5,Normal,130/85,70,8000,,100.0,88.88888888888889,60.0,100.0,100.0,88.67,Excellent,Generally Positive
180,Male,42,Lawyer,7.8,8,90,5,Normal,130/85,70,8000,,100.0,88.88888888888889,60.0,100.0,100.0,88.67,Excellent,Generally Positive
181,Male,42,Lawyer,7.8,8,90,5,Normal,130/85,70,8000,,100.0,88.88888888888889,60.0,100.0,100.0,88.67,Excellent,Generally Positive
182,Male,42,Lawyer,7.8,8,90,5,Normal,130/85,70,8000,,100.0,88.88888888888889,60.0,100.0,100.0,88.67,Excellent,Generally Positive
183,Male,42,Lawyer,7.8,8,90,5,Normal,130/85,70,8000,,100.0,88.88888888888889,60.0,100.0,100.0,88.67,Excellent,Generally Positive
184,Male,42,Lawyer,7.8,8,90,5,Normal,130/85,70,8000,,100.0,88.88888888888889,60.0,100.0,100.0,88.67,Excellent,Generally Positive
185,Female,42,Teacher,6.8,6,45,7,Overweight,130/85,78,5000,Sleep Apnea,97.14285714285714,66.66666666666666,20.0,50.0,30.0,61.14,Fair,Moderate Concern
186,Female,42,Teacher,6.8,6,45,7,Overweight,130/85,78,5000,Sleep Apnea,97.14285714285714,66.66666666666666,20.0,50.0,30.0,61.14,Fair,Moderate Concern
187,Female,43,Teacher,6.7,7,45,4,Overweight,135/90,65,6000,Insomnia,95.71428571428572,77.77777777777779,80.0,50.0,50.0,78.05,Good,Generally Positive
188,Male,43,Salesperson,6.3,6,45,7,Overweight,130/85,72,6000,Insomnia,90.0,66.66666666666666,20.0,50.0,50.0,61.0,Fair,Moderate Concern
189,Female,43,Teacher,6.7,7,45,4,Overweight,135/90,65,6000,Insomnia,95.71428571428572,77.77777777777779,80.0,50.0,50.0,78.05,Good,Generally Positive
190,Male,43,Salesperson,6.5,6,45,7,Overweight,130/85,72,6000,Insomnia,92.85714285714286,66.66666666666666,20.0,50.0,50.0,61.86,Fair,Moderate Concern
191,Female,43,Teacher,6.7,7,45,4,Overweight,135/90,65,6000,Insomnia,95.71428571428572,77.77777777777779,80.0,50.0,50.0,78.05,Good,Generally Positive
192,Male,43,Salesperson,6.4,6,45,7,Overweight,130/85,72,6000,Insomnia,91.42857142857143,66.66666666666666,20.0,50.0,50.0,61.43,Fair,Moderate Concern
193,Male,43,Salesperson,6.5,6,45,7,Overweight,130/85,72,6000,Insomnia,92.85714285714286,66.66666666666666,20.0,50.0,50.0,61.86,Fair,Moderate Concern
194,Male,43,Salesperson,6.5,6,45,7,Overweight,130/85,72,6000,Insomnia,92.85714285714286,66.66666666666666,20.0,50.0,50.0,61.86,Fair,Moderate Concern
195,Male,43,Salesperson,6.5,6,45,7,Overweight,130/85,72,6000,Insomnia,92.85714285714286,66.66666666666666,20.0,50.0,50.0,61.86,Fair,Moderate Concern
196,Male,43,Salesperson,6.5,6,45,7,Overweight,130/85,72,6000,Insomnia,92.85714285714286,66.66666666666666,20.0,50.0,50.0,61.86,Fair,Moderate Concern
197,Male,43,Salesperson,6.5,6,45,7,Overweight,130/85,72,6000,Insomnia,92.85714285714286,66.66666666666666,20.0,50.0,50.0,61.86,Fair,Moderate Concern
198,Male,43,Salesperson,6.5,6,45,7,Overweight,130/85,72,6000,Insomnia,92.85714285714286,66.66666666666666,20.0,50.0,50.0,61.86,Fair,Moderate Concern
199,Male,43,Salesperson,6.5,6,45,7,Overweight,130/85,72,6000,Insomnia,92.85714285714286,66.66666666666666,20.0,50.0,50.0,61.86,Fair,Moderate Concern
200,Male,43,Salesperson,6.5,6,45,7,Overweight,130/85,72,6000,Insomnia,92.85714285714286,66.66666666666666,20.0,50.0,50.0,61.86,Fair,Moderate Concern
201,Male,43,Salesperson,6.5,6,45,7,Overweight,130/85,72,6000,Insomnia,92.85714285714286,66.66666666666666,20.0,50.0,50.0,61.86,Fair,Moderate Concern
202,Male,43,Engineer,7.8,8,90,5,Normal,130/85,70,8000,Insomnia,100.0,88.88888888888889,60.0,100.0,50.0,83.67,Excellent,Generally Positive
203,Male,43,Engineer,7.8,8,90,5,Normal,130/85,70,8000,Insomnia,100.0,88.88888888888889,60.0,100.0,50.0,83.67,Excellent,Generally Positive
204,Male,43,Engineer,6.9,6,47,7,Normal Weight,117/76,69,6800,,98.57142857142858,66.66666666666666,20.0,52.22222222222223,100.0,68.79,Good,Moderate Concern
205,Male,43,Engineer,7.6,8,75,4,Overweight,122/80,68,6800,,100.0,88.88888888888889,80.0,83.33333333333334,100.0,91.0,Excellent,Positive Wellbeing
206,Male,43,Engineer,7.7,8,90,5,Normal,130/85,70,8000,,100.0,88.88888888888889,60.0,100.0,100.0,88.67,Excellent,Generally Positive
207,Male,43,Engineer,7.7,8,90,5,Normal,130/85,70,8000,,100.0,88.88888888888889,60.0,100.0,100.0,88.67,Excellent,Generally Positive
208,Male,43,Engineer,7.7,8,90,5,Normal,130/85,70,8000,,100.0,88.88888888888889,60.0,100.0,100.0,88.67,Excellent,Generally Positive
209,Male,43,Engineer,7.7,8,90,5,Normal,130/85,70,8000,,100.0,88.88888888888889,60.0,100.0,100.0,88.67,Excellent,Generally Positive
210,Male,43,Engineer,7.8,8,90,5,Normal,130/85,70,8000,,100.0,88.88888888888889,60.0,100.0,100.0,88.67,Excellent,Generally Positive
211,Male,43,Engineer,7.7,8,90,5,Normal,130/85,70,8000,,100.0,88.88888888888889,60.0,100.0,100.0,88.67,Excellent,Generally Positive
212,Male,43,Engineer,7.8,8,90,5,Normal,130/85,70,8000,,100.0,88.88888888888889,60.0,100.0,100.0,88.67,Excellent,Generally Positive
213,Male,43,Engineer,7.8,8,90,5,Normal,130/85,70,8000,,100.0,88.88888888888889,60.0,100.0,100.0,88.67,Excellent,Generally Positive
214,Male,43,Engineer,7.8,8,90,5,Normal,130/85,70,8000,,100.0,88.88888888888889,60.0,100.0,100.0,88.67,Excellent,Generally Positive
215,Male,43,Engineer,7.8,8,90,5,Normal,130/85,70,8000,,100.0,88.88888888888889,60.0,100.0,100.0,88.67,Excellent,Generally Positive
216,Male,43,Engineer,7.8,8,90,5,Normal,130/85,70,8000,,100.0,88.88888888888889,60.0,100.0,100.0,88.67,Excellent,Generally Positive
217,Male,43,Engineer,7.8,8,90,5,Normal,130/85,70,8000,,100.0,88.88888888888889,60.0,100.0,100.0,88.67,Excellent,Generally Positive
218,Male,43,Engineer,7.8,8,90,5,Normal,130/85,70,8000,,100.0,88.88888888888889,60.0,100.0,100.0,88.67,Excellent,Generally Positive
219,Male,43,Engineer,7.8,8,90,5,Normal,130/85,70,8000,Sleep Apnea,100.0,88.88888888888889,60.0,100.0,30.0,81.67,Excellent,Generally Positive
220,Male,43,Salesperson,6.5,6,45,7,Overweight,130/85,72,6000,Sleep Apnea,92.85714285714286,66.66666666666666,20.0,50.0,30.0,59.86,Fair,Moderate Concern
221,Female,44,Teacher,6.6,7,45,4,Overweight,135/90,65,6000,Insomnia,94.28571428571428,77.77777777777779,80.0,50.0,50.0,77.62,Good,Generally Positive
222,Male,44,Salesperson,6.4,6,45,7,Overweight,130/85,72,6000,Insomnia,91.42857142857143,66.66666666666666,20.0,50.0,50.0,61.43,Fair,Moderate Concern
223,Male,44,Salesperson,6.3,6,45,7,Overweight,130/85,72,6000,Insomnia,90.0,66.66666666666666,20.0,50.0,50.0,61.0,Fair,Moderate Concern
224,Male,44,Salesperson,6.4,6,45,7,Overweight,130/85,72,6000,Insomnia,91.42857142857143,66.66666666666666,20.0,50.0,50.0,61.43,Fair,Moderate Concern
225,Female,44,Teacher,6.6,7,45,4,Overweight,135/90,65,6000,Insomnia,94.28571428571428,77.77777777777779,80.0,50.0,50.0,77.62,Good,Generally Positive
226,Male,44,Salesperson,6.3,6,45,7,Overweight,130/85,72,6000,Insomnia,90.0,66.66666666666666,20.0,50.0,50.0,61.0,Fair,Moderate Concern
227,Female,44,Teacher,6.6,7,45,4,Overweight,135/90,65,6000,Insomnia,94.28571428571428,77.77777777777779,80.0,50.0,50.0,77.62,Good,Generally Positive
228,Male,44,Salesperson,6.3,6,45,7,Overweight,130/85,72,6000,Insomnia,90.0,66.66666666666666,20.0,50.0,50.0,61.0,Fair,Moderate Concern
229,Female,44,Teacher,6.6,7,45,4,Overweight,135/90,65,6000,Insomnia,94.28571428571428,77.77777777777779,80.0,50.0,50.0,77.62,Good,Generally Positive
230,Male,44,Salesperson,6.3,6,45,7,Overweight,130/85,72,6000,Insomnia,90.0,66.66666666666666,20.0,50.0,50.0,61.0,Fair,Moderate Concern
231,Female,44,Teacher,6.6,7,45,4,Overweight,135/90,65,6000,Insomnia,94.28571428571428,77.77777777777779,80.0,50.0,50.0,77.62,Good,Generally Positive
232,Male,44,Salesperson,6.3,6,45,7,Overweight,130/85,72,6000,Insomnia,90.0,66.66666666666666,20.0,50.0,50.0,61.0,Fair,Moderate Concern
233,Female,44,Teacher,6.6,7,45,4,Overweight,135/90,65,6000,Insomnia,94.28571428571428,77.77777777777779,80.0,50.0,50.0,77.62,Good,Generally Positive
234,Male,44,Salesperson,6.3,6,45,7,Overweight,130/85,72,6000,Insomnia,90.0,66.66666666666666,20.0,50.0,50.0,61.0,Fair,Moderate Concern
235,Female,44,Teacher,6.6,7,45,4,Overweight,135/90,65,6000,Insomnia,94.28571428571428,77.77777777777779,80.0,50.0,50.0,77.62,Good,Generally Positive
236,Male,44,Salesperson,6.3,6,45,7,Overweight,130/85,72,6000,Insomnia,90.0,66.66666666666666,20.0,50.0,50.0,61.0,Fair,Moderate Concern
237,Male,44,Salesperson,6.4,6,45,7,Overweight,130/85,72,6000,Insomnia,91.42857142857143,66.66666666666666,20.0,50.0,50.0,61.43,Fair,Moderate Concern
238,Female,44,Teacher,6.5,7,45,4,Overweight,135/90,65,6000,Insomnia,92.85714285714286,77.77777777777779,80.0,50.0,50.0,77.19,Good,Generally Positive
239,Male,44,Salesperson,6.3,6,45,7,Overweight,130/85,72,6000,Insomnia,90.0,66.66666666666666,20.0,50.0,50.0,61.0,Fair,Moderate Concern
240,Male,44,Salesperson,6.4,6,45,7,Overweight,130/85,72,6000,Insomnia,91.42857142857143,66.66666666666666,20.0,50.0,50.0,61.43,Fair,Moderate Concern
241,Female,44,Teacher,6.5,7,45,4,Overweight,135/90,65,6000,Insomnia,92.85714285714286,77.77777777777779,80.0,50.0,50.0,77.19,Good,Generally Positive
242,Male,44,Salesperson,6.3,6,45,7,Overweight,130/85,72,6000,Insomnia,90.0,66.66666666666666,20.0,50.0,50.0,61.0,Fair,Moderate Concern
243,Male,44,Salesperson,6.4,6,45,7,Overweight,130/85,72,6000,Insomnia,91.42857142857143,66.66666666666666,20.0,50.0,50.0,61.43,Fair,Moderate Concern
244,Female,44,Teacher,6.5,7,45,4,Overweight,135/90,65,6000,Insomnia,92.85714285714286,77.77777777777779,80.0,50.0,50.0,77.19,Good,Generally Positive
245,Male,44,Salesperson,6.3,6,45,7,Overweight,130/85,72,6000,Insomnia,90.0,66.66666666666666,20.0,50.0,50.0,61.0,Fair,Moderate Concern
246,Female,44,Teacher,6.5,7,45,4,Overweight,135/90,65,6000,Insomnia,92.85714285714286,77.77777777777779,80.0,50.0,50.0,77.19,Good,Generally Positive
247,Male,44,Salesperson,6.3,6,45,7,Overweight,130/85,72,6000,Insomnia,90.0,66.66666666666666,20.0,50.0,50.0,61.0,Fair,Moderate Concern
248,Male,44,Engineer,6.8,7,45,7,Overweight,130/85,78,5000,Insomnia,97.14285714285714,77.77777777777779,20.0,50.0,50.0,66.48,Good,Moderate Concern
249,Male,44,Salesperson,6.4,6,45,7,Overweight,130/85,72,6000,,91.42857142857143,66.66666666666666,20.0,50.0,100.0,66.43,Good,Moderate Concern
250,Male,44,Salesperson,6.5,6,45,7,Overweight,130/85,72,6000,,92.85714285714286,66.66666666666666,20.0,50.0,100.0,66.86,Good,Moderate Concern
251,Female,45,Teacher,6.8,7,30,6,Overweight,135/90,65,6000,Insomnia,97.14285714285714,77.77777777777779,40.0,33.33333333333333,50.0,68.81,Good,Moderate Concern
252,Female,45,Teacher,6.8,7,30,6,Overweight,135/90,65,6000,Insomnia,97.14285714285714,77.77777777777779,40.0,33.33333333333333,50.0,68.81,Good,Moderate Concern
253,Female,45,Teacher,6.5,7,45,4,Overweight,135/90,65,6000,Insomnia,92.85714285714286,77.77777777777779,80.0,50.0,50.0,77.19,Good,Generally Positive
254,Female,45,Teacher,6.5,7,45,4,Overweight,135/90,65,6000,Insomnia,92.85714285714286,77.77777777777779,80.0,50.0,50.0,77.19,Good,Generally Positive
255,Female,45,Teacher,6.5,7,45,4,Overweight,135/90,65,6000,Insomnia,92.85714285714286,77.77777777777779,80.0,50.0,50.0,77.19,Good,Generally Positive
256,Female,45,Teacher,6.5,7,45,4,Overweight,135/90,65,6000,Insomnia,92.85714285714286,77.77777777777779,80.0,50.0,50.0,77.19,Good,Generally Positive
257,Female,45,Teacher,6.6,7,45,4,Overweight,135/90,65,6000,Insomnia,94.28571428571428,77.77777777777779,80.0,50.0,50.0,77.62,Good,Generally Positive
258,Female,45,Teacher,6.6,7,45,4,Overweight,135/90,65,6000,Insomnia,94.28571428571428,77.77777777777779,80.0,50.0,50.0,77.62,Good,Generally Positive
259,Female,45,Teacher,6.6,7,45,4,Overweight,135/90,65,6000,Insomnia,94.28571428571428,77.77777777777779,80.0,50.0,50.0,77.62,Good,Generally Positive
260,Female,45,Teacher,6.6,7,45,4,Overweight,135/90,65,6000,Insomnia,94.28571428571428,77.77777777777779,80.0,50.0,50.0,77.62,Good,Generally Positive
261,Female,45,Teacher,6.6,7,45,4,Overweight,135/90,65,6000,Insomnia,94.28571428571428,77.77777777777779,80.0,50.0,50.0,77.62,Good,Generally Positive
262,Female,45,Teacher,6.6,7,45,4,Overweight,135/90,65,6000,,94.28571428571428,77.77777777777779,80.0,50.0,100.0,82.62,Excellent,Positive Wellbeing
263,Female,45,Teacher,6.6,7,45,4,Overweight,135/90,65,6000,,94.28571428571428,77.77777777777779,80.0,50.0,100.0,82.62,Excellent,Positive Wellbeing
264,Female,45,Manager,6.9,7,55,5,Overweight,125/82,75,5500,,98.57142857142858,77.77777777777779,60.0,61.111111111111114,100.0,81.02,Excellent,Generally Positive
265,Male,48,Doctor,7.3,7,65,5,Obese,142/92,83,3500,Insomnia,100.0,77.77777777777779,60.0,72.22222222222221,50.0,77.56,Good,Generally Positive
266,Female,48,Nurse,5.9,6,90,8,Overweight,140/95,75,10000,Sleep Apnea,84.28571428571429,66.66666666666666,0.0,100.0,30.0,58.29,Fair,Higher Concern
267,Male,48,Doctor,7.3,7,65,5,Obese,142/92,83,3500,Insomnia,100.0,77.77777777777779,60.0,72.22222222222221,50.0,77.56,Good,Generally Positive
268,Female,49,Nurse,6.2,6,90,8,Overweight,140/95,75,10000,,88.57142857142858,66.66666666666666,0.0,100.0,100.0,66.57,Good,Higher Concern
269,Female,49,Nurse,6.0,6,90,8,Overweight,140/95,75,10000,Sleep Apnea,85.71428571428571,66.66666666666666,0.0,100.0,30.0,58.71,Fair,Higher Concern
270,Female,49,Nurse,6.1,6,90,8,Overweight,140/95,75,10000,Sleep Apnea,87.14285714285714,66.66666666666666,0.0,100.0,30.0,59.14,Fair,Higher Concern
271,Female,49,Nurse,6.1,6,90,8,Overweight,140/95,75,10000,Sleep Apnea,87.14285714285714,66.66666666666666,0.0,100.0,30.0,59.14,Fair,Higher Concern
272,Female,49,Nurse,6.1,6,90,8,Overweight,140/95,75,10000,Sleep Apnea,87.14285714285714,66.66666666666666,0.0,100.0,30.0,59.14,Fair,Higher Concern
273,Female,49,Nurse,6.1,6,90,8,Overweight,140/95,75,10000,Sleep Apnea,87.14285714285714,66.66666666666666,0.0,100.0,30.0,59.14,Fair,Higher Concern
274,Female,49,Nurse,6.2,6,90,8,Overweight,140/95,75,10000,Sleep Apnea,88.57142857142858,66.66666666666666,0.0,100.0,30.0,59.57,Fair,Higher Concern
275,Female,49,Nurse,6.2,6,90,8,Overweight,140/95,75,10000,Sleep Apnea,88.57142857142858,66.66666666666666,0.0,100.0,30.0,59.57,Fair,Higher Concern
276,Female,49,Nurse,6.2,6,90,8,Overweight,140/95,75,10000,Sleep Apnea,88.57142857142858,66.66666666666666,0.0,100.0,30.0,59.57,Fair,Higher Concern
277,Male,49,Doctor,8.1,9,85,3,Obese,139/91,86,3700,Sleep Apnea,100.0,100.0,100.0,94.44444444444444,30.0,92.44,Excellent,Positive Wellbeing
278,Male,49,Doctor,8.1,9,85,3,Obese,139/91,86,3700,Sleep Apnea,100.0,100.0,100.0,94.44444444444444,30.0,92.44,Excellent,Positive Wellbeing
279,Female,50,Nurse,6.1,6,90,8,Overweight,140/95,75,10000,Insomnia,87.14285714285714,66.66666666666666,0.0,100.0,50.0,61.14,Fair,Higher Concern
280,Female,50,Engineer,8.3,9,30,3,Normal,125/80,65,5000,,100.0,100.0,100.0,33.33333333333333,100.0,93.33,Excellent,Positive Wellbeing
281,Female,50,Nurse,6.0,6,90,8,Overweight,140/95,75,10000,,85.71428571428571,66.66666666666666,0.0,100.0,100.0,65.71,Good,Higher Concern
282,Female,50,Nurse,6.1,6,90,8,Overweight,140/95,75,10000,Sleep Apnea,87.14285714285714,66.66666666666666,0.0,100.0,30.0,59.14,Fair,Higher Concern
283,Female,50,Nurse,6.0,6,90,8,Overweight,140/95,75,10000,Sleep Apnea,85.71428571428571,66.66666666666666,0.0,100.0,30.0,58.71,Fair,Higher Concern
284,Female,50,Nurse,6.0,6,90,8,Overweight,140/95,75,10000,Sleep Apnea,85.71428571428571,66.66666666666666,0.0,100.0,30.0,58.71,Fair,Higher Concern
285,Female,50,Nurse,6.0,6,90,8,Overweight,140/95,75,10000,Sleep Apnea,85.71428571428571,66.66666666666666,0.0,100.0,30.0,58.71,Fair,Higher Concern
286,Female,50,Nurse,6.0,6,90,8,Overweight,140/95,75,10000,Sleep Apnea,85.71428571428571,66.66666666666666,0.0,100.0,30.0,58.71,Fair,Higher Concern
287,Female,50,Nurse,6.0,6,90,8,Overweight,140/95,75,10000,Sleep Apnea,85.71428571428571,66.66666666666666,0.0,100.0,30.0,58.71,Fair,Higher Concern
288,Female,50,Nurse,6.0,6,90,8,Overweight,140/95,75,10000,Sleep Apnea,85.71428571428571,66.66666666666666,0.0,100.0,30.0,58.71,Fair,Higher Concern
289,Female,50,Nurse,6.0,6,90,8,Overweight,140/95,75,10000,Sleep Apnea,85.71428571428571,66.66666666666666,0.0,100.0,30.0,58.71,Fair,Higher Concern
290,Female,50,Nurse,6.1,6,90,8,Overweight,140/95,75,10000,Sleep Apnea,87.14285714285714,66.66666666666666,0.0,100.0,30.0,59.14,Fair,Higher Concern
291,Female,50,Nurse,6.0,6,90,8,Overweight,140/95,75,10000,Sleep Apnea,85.71428571428571,66.66666666666666,0.0,100.0,30.0,58.71,Fair,Higher Concern
292,Female,50,Nurse,6.1,6,90,8,Overweight,140/95,75,10000,Sleep Apnea,87.14285714285714,66.66666666666666,0.0,100.0,30.0,59.14,Fair,Higher Concern
293,Female,50,Nurse,6.1,6,90,8,Overweight,140/95,75,10000,Sleep Apnea,87.14285714285714,66.66666666666666,0.0,100.0,30.0,59.14,Fair,Higher Concern
294,Female,50,Nurse,6.0,6,90,8,Overweight,140/95,75,10000,Sleep Apnea,85.71428571428571,66.66666666666666,0.0,100.0,30.0,58.71,Fair,Higher Concern
295,Female,50,Nurse,6.1,6,90,8,Overweight,140/95,75,10000,Sleep Apnea,87.14285714285714,66.66666666666666,0.0,100.0,30.0,59.14,Fair,Higher Concern
296,Female,50,Nurse,6.0,6,90,8,Overweight,140/95,75,10000,Sleep Apnea,85.71428571428571,66.66666666666666,0.0,100.0,30.0,58.71,Fair,Higher Concern
297,Female,50,Nurse,6.1,6,90,8,Overweight,140/95,75,10000,Sleep Apnea,87.14285714285714,66.66666666666666,0.0,100.0,30.0,59.14,Fair,Higher Concern
298,Female,50,Nurse,6.1,6,90,8,Overweight,140/95,75,10000,Sleep Apnea,87.14285714285714,66.66666666666666,0.0,100.0,30.0,59.14,Fair,Higher Concern
299,Female,51,Engineer,8.5,9,30,3,Normal,125/80,65,5000,,100.0,100.0,100.0,33.33333333333333,100.0,93.33,Excellent,Positive Wellbeing
300,Female,51,Engineer,8.5,9,30,3,Normal,125/80,65,5000,,100.0,100.0,100.0,33.33333333333333,100.0,93.33,Excellent,Positive Wellbeing
301,Female,51,Engineer,8.5,9,30,3,Normal,125/80,65,5000,,100.0,100.0,100.0,33.33333333333333,100.0,93.33,Excellent,Positive Wellbeing
302,Female,51,Engineer,8.5,9,30,3,Normal,125/80,65,5000,,100.0,100.0,100.0,33.33333333333333,100.0,93.33,Excellent,Positive Wellbeing
303,Female,51,Nurse,7.1,7,55,6,Normal Weight,125/82,72,6000,,100.0,77.77777777777779,40.0,61.111111111111114,100.0,77.44,Good,Moderate Concern
304,Female,51,Nurse,6.0,6,90,8,Overweight,140/95,75,10000,Sleep Apnea,85.71428571428571,66.66666666666666,0.0,100.0,30.0,58.71,Fair,Higher Concern
305,Female,51,Nurse,6.1,6,90,8,Overweight,140/95,75,10000,Sleep Apnea,87.14285714285714,66.66666666666666,0.0,100.0,30.0,59.14,Fair,Higher Concern
306,Female,51,Nurse,6.1,6,90,8,Overweight,140/95,75,10000,Sleep Apnea,87.14285714285714,66.66666666666666,0.0,100.0,30.0,59.14,Fair,Higher Concern
307,Female,52,Accountant,6.5,7,45,7,Overweight,130/85,72,6000,Insomnia,92.85714285714286,77.77777777777779,20.0,50.0,50.0,65.19,Good,Moderate Concern
308,Female,52,Accountant,6.5,7,45,7,Overweight,130/85,72,6000,Insomnia,92.85714285714286,77.77777777777779,20.0,50.0,50.0,65.19,Good,Moderate Concern
309,Female,52,Accountant,6.6,7,45,7,Overweight,130/85,72,6000,Insomnia,94.28571428571428,77.77777777777779,20.0,50.0,50.0,65.62,Good,Moderate Concern
310,Female,52,Accountant,6.6,7,45,7,Overweight,130/85,72,6000,Insomnia,94.28571428571428,77.77777777777779,20.0,50.0,50.0,65.62,Good,Moderate Concern
311,Female,52,Accountant,6.6,7,45,7,Overweight,130/85,72,6000,Insomnia,94.28571428571428,77.77777777777779,20.0,50.0,50.0,65.62,Good,Moderate Concern
312,Female,52,Accountant,6.6,7,45,7,Overweight,130/85,72,6000,Insomnia,94.28571428571428,77.77777777777779,20.0,50.0,50.0,65.62,Good,Moderate Concern
313,Female,52,Engineer,8.4,9,30,3,Normal,125/80,65,5000,,100.0,100.0,100.0,33.33333333333333,100.0,93.33,Excellent,Positive Wellbeing
314,Female,52,Engineer,8.4,9,30,3,Normal,125/80,65,5000,,100.0,100.0,100.0,33.33333333333333,100.0,93.33,Excellent,Positive Wellbeing
315,Female,52,Engineer,8.4,9,30,3,Normal,125/80,65,5000,,100.0,100.0,100.0,33.33333333333333,100.0,93.33,Excellent,Positive Wellbeing
316,Female,53,Engineer,8.3,9,30,3,Normal,125/80,65,5000,Insomnia,100.0,100.0,100.0,33.33333333333333,50.0,88.33,Excellent,Positive Wellbeing
317,Female,53,Engineer,8.5,9,30,3,Normal,125/80,65,5000,,100.0,100.0,100.0,33.33333333333333,100.0,93.33,Excellent,Positive Wellbeing
318,Female,53,Engineer,8.5,9,30,3,Normal,125/80,65,5000,,100.0,100.0,100.0,33.33333333333333,100.0,93.33,Excellent,Positive Wellbeing
319,Female,53,Engineer,8.4,9,30,3,Normal,125/80,65,5000,,100.0,100.0,100.0,33.33333333333333,100.0,93.33,Excellent,Positive Wellbeing
320,Female,53,Engineer,8.4,9,30,3,Normal,125/80,65,5000,,100.0,100.0,100.0,33.33333333333333,100.0,93.33,Excellent,Positive Wellbeing
321,Female,53,Engineer,8.5,9,30,3,Normal,125/80,65,5000,,100.0,100.0,100.0,33.33333333333333,100.0,93.33,Excellent,Positive Wellbeing
322,Female,53,Engineer,8.4,9,30,3,Normal,125/80,65,5000,,100.0,100.0,100.0,33.33333333333333,100.0,93.33,Excellent,Positive Wellbeing
323,Female,53,Engineer,8.4,9,30,3,Normal,125/80,65,5000,,100.0,100.0,100.0,33.33333333333333,100.0,93.33,Excellent,Positive Wellbeing
324,Female,53,Engineer,8.5,9,30,3,Normal,125/80,65,5000,,100.0,100.0,100.0,33.33333333333333,100.0,93.33,Excellent,Positive Wellbeing
325,Female,53,Engineer,8.3,9,30,3,Normal,125/80,65,5000,,100.0,100.0,100.0,33.33333333333333,100.0,93.33,Excellent,Positive Wellbeing
326,Female,53,Engineer,8.5,9,30,3,Normal,125/80,65,5000,,100.0,100.0,100.0,33.33333333333333,100.0,93.33,Excellent,Positive Wellbeing
327,Female,53,Engineer,8.3,9,30,3,Normal,125/80,65,5000,,100.0,100.0,100.0,33.33333333333333,100.0,93.33,Excellent,Positive Wellbeing
328,Female,53,Engineer,8.5,9,30,3,Normal,125/80,65,5000,,100.0,100.0,100.0,33.33333333333333,100.0,93.33,Excellent,Positive Wellbeing
329,Female,53,Engineer,8.3,9,30,3,Normal,125/80,65,5000,,100.0,100.0,100.0,33.33333333333333,100.0,93.33,Excellent,Positive Wellbeing
330,Female,53,Engineer,8.5,9,30,3,Normal,125/80,65,5000,,100.0,100.0,100.0,33.33333333333333,100.0,93.33,Excellent,Positive Wellbeing
331,Female,53,Engineer,8.5,9,30,3,Normal,125/80,65,5000,,100.0,100.0,100.0,33.33333333333333,100.0,93.33,Excellent,Positive Wellbeing
332,Female,53,Engineer,8.4,9,30,3,Normal,125/80,65,5000,,100.0,100.0,100.0,33.33333333333333,100.0,93.33,Excellent,Positive Wellbeing
333,Female,54,Engineer,8.4,9,30,3,Normal,125/80,65,5000,,100.0,100.0,100.0,33.33333333333333,100.0,93.33,Excellent,Positive Wellbeing
334,Female,54,Engineer,8.4,9,30,3,Normal,125/80,65,5000,,100.0,100.0,100.0,33.33333333333333,100.0,93.33,Excellent,Positive Wellbeing
335,Female,54,Engineer,8.4,9,30,3,Normal,125/80,65,5000,,100.0,100.0,100.0,33.33333333333333,100.0,93.33,Excellent,Positive Wellbeing
336,Female,54,Engineer,8.4,9,30,3,Normal,125/80,65,5000,,100.0,100.0,100.0,33.33333333333333,100.0,93.33,Excellent,Positive Wellbeing
337,Female,54,Engineer,8.4,9,30,3,Normal,125/80,65,5000,,100.0,100.0,100.0,33.33333333333333,100.0,93.33,Excellent,Positive Wellbeing
338,Female,54,Engineer,8.4,9,30,3,Normal,125/80,65,5000,,100.0,100.0,100.0,33.33333333333333,100.0,93.33,Excellent,Positive Wellbeing
339,Female,54,Engineer,8.5,9,30,3,Normal,125/80,65,5000,,100.0,100.0,100.0,33.33333333333333,100.0,93.33,Excellent,Positive Wellbeing
340,Female,55,Nurse,8.1,9,75,4,Overweight,140/95,72,5000,Sleep Apnea,100.0,100.0,80.0,83.33333333333334,30.0,87.33,Excellent,Positive Wellbeing
341,Female,55,Nurse,8.1,9,75,4,Overweight,140/95,72,5000,Sleep Apnea,100.0,100.0,80.0,83.33333333333334,30.0,87.33,Excellent,Positive Wellbeing
342,Female,56,Doctor,8.2,9,90,3,Normal Weight,118/75,65,10000,,100.0,100.0,100.0,100.0,100.0,100.0,Excellent,Positive Wellbeing
343,Female,56,Doctor,8.2,9,90,3,Normal Weight,118/75,65,10000,,100.0,100.0,100.0,100.0,100.0,100.0,Excellent,Positive Wellbeing
344,Female,57,Nurse,8.1,9,75,3,Overweight,140/95,68,7000,,100.0,100.0,100.0,83.33333333333334,100.0,98.33,Excellent,Positive Wellbeing
345,Female,57,Nurse,8.2,9,75,3,Overweight,140/95,68,7000,Sleep Apnea,100.0,100.0,100.0,83.33333333333334,30.0,91.33,Excellent,Positive Wellbeing
346,Female,57,Nurse,8.2,9,75,3,Overweight,140/95,68,7000,Sleep Apnea,100.0,100.0,100.0,83.33333333333334,30.0,91.33,Excellent,Positive Wellbeing
347,Female,57,Nurse,8.2,9,75,3,Overweight,140/95,68,7000,Sleep Apnea,100.0,100.0,100.0,83.33333333333334,30.0,91.33,Excellent,Positive Wellbeing
348,Female,57,Nurse,8.2,9,75,3,Overweight,140/95,68,7000,Sleep Apnea,100.0,100.0,100.0,83.33333333333334,30.0,91.33,Excellent,Positive Wellbeing
349,Female,57,Nurse,8.2,9,75,3,Overweight,140/95,68,7000,Sleep Apnea,100.0,100.0,100.0,83.33333333333334,30.0,91.33,Excellent,Positive Wellbeing
350,Female,57,Nurse,8.1,9,75,3,Overweight,140/95,68,7000,Sleep Apnea,100.0,100.0,100.0,83.33333333333334,30.0,91.33,Excellent,Positive Wellbeing
351,Female,57,Nurse,8.1,9,75,3,Overweight,140/95,68,7000,Sleep Apnea,100.0,100.0,100.0,83.33333333333334,30.0,91.33,Excellent,Positive Wellbeing
352,Female,57,Nurse,8.1,9,75,3,Overweight,140/95,68,7000,Sleep Apnea,100.0,100.0,100.0,83.33333333333334,30.0,91.33,Excellent,Positive Wellbeing
353,Female,58,Nurse,8.0,9,75,3,Overweight,140/95,68,7000,Sleep Apnea,100.0,100.0,100.0,83.33333333333334,30.0,91.33,Excellent,Positive Wellbeing
354,Female,58,Nurse,8.0,9,75,3,Overweight,140/95,68,7000,Sleep Apnea,100.0,100.0,100.0,83.33333333333334,30.0,91.33,Excellent,Positive Wellbeing
355,Female,58,Nurse,8.0,9,75,3,Overweight,140/95,68,7000,Sleep Apnea,100.0,100.0,100.0,83.33333333333334,30.0,91.33,Excellent,Positive Wellbeing
356,Female,58,Nurse,8.0,9,75,3,Overweight,140/95,68,7000,Sleep Apnea,100.0,100.0,100.0,83.33333333333334,30.0,91.33,Excellent,Positive Wellbeing
357,Female,58,Nurse,8.0,9,75,3,Overweight,140/95,68,7000,Sleep Apnea,100.0,100.0,100.0,83.33333333333334,30.0,91.33,Excellent,Positive Wellbeing
358,Female,58,Nurse,8.0,9,75,3,Overweight,140/95,68,7000,Sleep Apnea,100.0,100.0,100.0,83.33333333333334,30.0,91.33,Excellent,Positive Wellbeing
359,Female,59,Nurse,8.0,9,75,3,Overweight,140/95,68,7000,,100.0,100.0,100.0,83.33333333333334,100.0,98.33,Excellent,Positive Wellbeing
360,Female,59,Nurse,8.1,9,75,3,Overweight,140/95,68,7000,,100.0,100.0,100.0,83.33333333333334,100.0,98.33,Excellent,Positive Wellbeing
361,Female,59,Nurse,8.2,9,75,3,Overweight,140/95,68,7000,Sleep Apnea,100.0,100.0,100.0,83.33333333333334,30.0,91.33,Excellent,Positive Wellbeing
362,Female,59,Nurse,8.2,9,75,3,Overweight,140/95,68,7000,Sleep Apnea,100.0,100.0,100.0,83.33333333333334,30.0,91.33,Excellent,Positive Wellbeing
363,Female,59,Nurse,8.2,9,75,3,Overweight,140/95,68,7000,Sleep Apnea,100.0,100.0,100.0,83.33333333333334,30.0,91.33,Excellent,Positive Wellbeing
364,Female,59,Nurse,8.2,9,75,3,Overweight,140/95,68,7000,Sleep Apnea,100.0,100.0,100.0,83.33333333333334,30.0,91.33,Excellent,Positive Wellbeing
365,Female,59,Nurse,8.0,9,75,3,Overweight,140/95,68,7000,Sleep Apnea,100.0,100.0,100.0,83.33333333333334,30.0,91.33,Excellent,Positive Wellbeing
366,Female,59,Nurse,8.0,9,75,3,Overweight,140/95,68,7000,Sleep Apnea,100.0,100.0,100.0,83.33333333333334,30.0,91.33,Excellent,Positive Wellbeing
367,Female,59,Nurse,8.1,9,75,3,Overweight,140/95,68,7000,Sleep Apnea,100.0,100.0,100.0,83.33333333333334,30.0,91.33,Excellent,Positive Wellbeing
368,Female,59,Nurse,8.0,9,75,3,Overweight,140/95,68,7000,Sleep Apnea,100.0,100.0,100.0,83.33333333333334,30.0,91.33,Excellent,Positive Wellbeing
369,Female,59,Nurse,8.1,9,75,3,Overweight,140/95,68,7000,Sleep Apnea,100.0,100.0,100.0,83.33333333333334,30.0,91.33,Excellent,Positive Wellbeing
370,Female,59,Nurse,8.1,9,75,3,Overweight,140/95,68,7000,Sleep Apnea,100.0,100.0,100.0,83.33333333333334,30.0,91.33,Excellent,Positive Wellbeing
371,Female,59,Nurse,8.0,9,75,3,Overweight,140/95,68,7000,Sleep Apnea,100.0,100.0,100.0,83.33333333333334,30.0,91.33,Excellent,Positive Wellbeing
372,Female,59,Nurse,8.1,9,75,3,Overweight,140/95,68,7000,Sleep Apnea,100.0,100.0,100.0,83.33333333333334,30.0,91.33,Excellent,Positive Wellbeing
373,Female,59,Nurse,8.1,9,75,3,Overweight,140/95,68,7000,Sleep Apnea,100.0,100.0,100.0,83.33333333333334,30.0,91.33,Excellent,Positive Wellbeing
374,Female,59,Nurse,8.1,9,75,3,Overweight,140/95,68,7000,Sleep Apnea,100.0,100.0,100.0,83.33333333333334,30.0,91.33,Excellent,Positive Wellbeing
